1,True
1489,True
2891,True
3513,True
4553,True
1130,True
184,False
2890,True
223,True
529,True
408,True
1403,True
2846,True
4792,True
1117,True
65,True
4097,True
4379,True
1714,True
3158,True
856,True
466,False
3361,True
1407,True
637,True
884,True
4705,True
473,True
286,True
1462,True
4439,True
1014,True
3708,True
2644,True
4967,True
2253,True
176,True
4562,True
4567,True
568,True
2631,True
3255,True
3438,True
3749,True
4478,True
1221,True
682,True
3111,True
4733,True
907,True
3856,True
4579,True
4675,True
943,True
3449,True
1843,True
388,True
4316,True
4875,True
4656,True
598,True
997,True
3675,True
559,True
2989,True
706,True
561,False
3037,True
4437,True
1433,True
728,True
3420,True
0,False
4366,True
1781,True
669,True
4798,True
3339,True
3871,True
3026,False
4704,True
2853,True
2466,False
1660,True
1889,True
4454,True
3382,True
1118,True
4389,True
4330,True
4264,False
3224,True
4888,True
1323,True
2392,True
2965,True
1565,True
2510,True
2059,True
4884,True
3990,True
4401,True
3166,True
2408,True
1894,True
1857,True
1511,True
3287,True
4586,True
3849,True
4690,True
670,True
2091,False
767,True
12,True
1834,True
147,True
4799,True
1178,True
381,True
2060,True
471,True
2055,True
2058,True
2128,True
4185,True
4269,True
2967,True
751,True
1326,True
4364,True
1428,True
4778,True
1331,True
1611,True
730,True
913,True
3468,True
2520,False
60,True
2936,True
3833,True
4223,True
4214,True
4612,True
552,True
3018,True
3401,True
4776,True
768,True
1025,True
1132,True
1666,True
4274,False
3900,True
521,False
4534,True
4712,True
4802,True
1875,True
1599,True
3642,True
1136,True
246,True
4013,True
3926,True
1276,True
3946,True
2148,True
2736,True
1470,True
2053,True
3933,True
4371,True
4999,True
1755,True
848,True
3131,True
4123,True
3783,False
877,True
4677,True
826,True
2995,True
36,True
993,True
1763,True
211,True
2486,True
2661,True
4102,True
2305,True
4810,True
2282,True
1911,True
4807,False
4966,True
4492,False
1056,True
2184,True
4720,True
2036,True
4840,True
2254,True
4526,True
3241,True
3517,True
3371,True
4248,False
1419,True
2283,True
603,True
3479,True
1764,True
672,True
3147,True
4,True
675,True
197,True
2851,True
2687,True
3201,False
3059,True
984,True
1045,True
2760,True
615,True
2175,True
1062,True
1013,True
4541,True
1557,True
1772,True
4380,True
348,True
338,True
2409,True
3156,True
4686,True
2526,True
3786,False
1400,True
1632,True
1388,True
191,True
4618,True
1531,True
904,True
4450,True
3477,True
1870,True
2883,True
2821,True
4954,True
2118,True
3430,True
975,True
2810,True
2120,True
247,True
306,True
667,True
1804,True
2067,True
3878,True
4320,True
2522,True
2333,True
3456,True
1274,True
522,True
677,True
3203,True
4744,True
240,True
1867,True
1196,True
3277,False
3268,True
231,True
3792,True
2788,True
4797,True
1346,True
1474,True
2026,True
2092,True
2530,True
2633,True
4056,True
3100,True
1634,True
349,True
4095,True
4022,True
1780,False
2745,True
1186,True
1317,True
2348,False
1567,True
3970,True
2868,True
359,True
2242,True
2249,True
1951,True
3865,True
2290,True
2898,True
1084,True
4637,True
2993,False
489,True
4589,True
2972,True
1008,True
275,False
643,True
1936,True
2544,True
3556,True
1571,True
4763,True
5,False
3233,True
647,True
2744,True
3378,True
4285,True
3367,True
4736,True
2619,True
3139,True
3145,True
4908,True
2751,True
3962,True
1353,True
2901,False
1811,True
269,True
3434,True
4960,True
690,True
419,True
145,True
2250,True
1738,True
2807,True
4383,True
3049,True
3948,True
3461,True
1347,True
1110,False
612,True
2272,True
1058,True
4745,True
1661,True
4318,True
4556,True
2132,True
1052,True
4346,True
2411,True
3154,True
2982,True
2994,True
2301,False
2334,True
3012,True
1860,True
3812,True
1645,True
4139,True
6,True
4737,True
172,True
1203,True
4631,True
3883,True
4855,True
155,True
3523,True
4580,True
1868,True
2691,False
1092,True
4554,True
3570,True
770,True
1455,True
1801,True
2384,True
2586,True
3060,True
2156,True
2160,True
4643,True
1964,True
3673,True
1663,True
4836,True
4615,True
1539,True
1402,True
1181,True
3661,True
4167,True
1394,True
804,True
2046,True
3983,True
1459,True
4224,True
2541,True
2155,True
1743,True
83,True
4820,True
952,True
1876,True
335,True
2490,True
4216,True
1809,True
4339,True
3966,True
887,True
3565,True
981,True
2366,True
2013,True
2626,True
4074,True
2361,True
1620,True
555,True
2124,True
4447,True
4190,True
311,True
3066,True
4762,True
3769,True
3067,True
2011,True
3573,True
695,True
4642,True
4048,False
1272,True
646,True
95,True
3870,True
3979,True
2130,True
1313,True
1574,False
2796,True
2105,False
1454,True
2169,True
1382,True
1379,True
2204,True
509,True
833,True
535,True
4186,True
4947,True
2317,True
4309,True
629,True
4977,True
3204,True
1457,True
3451,True
2781,True
1613,True
832,True
3150,True
1432,True
594,True
1653,True
1935,True
935,True
379,True
1354,True
394,True
3029,True
3092,True
3827,True
3829,True
3035,True
3646,True
2681,True
2462,True
4027,True
2418,True
912,True
4024,True
3627,True
3636,True
1408,True
4777,True
2639,True
1934,True
1332,True
2966,True
3240,True
4174,True
3685,True
3515,True
2215,True
3935,True
4909,True
481,True
1165,True
2524,True
226,True
25,True
4345,True
1731,True
164,True
2655,True
734,False
1205,True
2069,True
1733,True
697,True
2798,True
1734,True
4385,True
4604,True
4815,True
3663,True
1952,True
2698,True
4994,True
2451,False
27,True
267,True
4633,True
1159,True
4394,True
4493,True
2607,True
3580,True
1473,True
1572,True
2153,True
1263,True
2659,True
4963,True
1617,False
4423,True
2946,True
4573,True
2181,True
1192,True
4319,True
4313,True
3862,True
3336,True
154,True
309,True
1246,True
129,True
711,True
4252,True
3017,True
4910,True
2397,True
4446,True
113,True
4943,True
897,True
3985,True
2311,True
2216,True
2240,True
2551,True
590,True
3527,True
390,True
715,True
4317,True
2051,True
3303,True
3546,True
3603,True
3332,True
2217,True
4271,True
2085,True
4746,True
44,True
599,True
4787,True
4769,False
4555,True
2826,True
3568,True
4758,True
4140,True
3734,True
243,True
3041,False
1219,True
351,True
908,True
4148,True
704,True
4692,True
4982,True
4114,True
4560,True
1603,True
4849,True
2022,True
1967,False
757,True
4367,True
1201,True
2125,False
3050,True
958,True
2471,True
4290,True
2570,True
413,True
3187,True
2134,True
2261,True
1745,True
4852,True
855,True
40,True
965,True
1863,True
4122,True
4171,True
373,True
3009,True
4995,True
4291,True
3353,True
3757,True
3149,True
589,True
1586,False
648,True
4665,False
1119,True
710,True
4891,True
329,True
1543,True
4701,True
430,True
2193,True
1546,True
1927,False
4635,True
1648,True
2574,True
1829,True
3285,True
2680,True
1986,True
1306,True
4970,True
1467,True
412,True
1012,True
4816,True
1496,True
1701,True
2460,True
3940,True
624,True
1532,True
3267,True
2090,True
1004,False
3602,True
1828,True
66,True
1837,True
2941,True
3496,True
3419,False
881,True
2879,True
2209,True
3821,True
1963,True
2212,True
345,True
3929,True
1344,True
1392,True
949,True
2695,True
4041,True
496,True
2218,True
3618,True
2525,True
283,True
4427,True
1853,True
3345,True
3524,True
2819,True
655,True
2871,True
4438,True
1984,True
1704,True
4023,True
3354,True
1386,True
941,True
929,True
909,True
2623,True
4057,True
2,True
4900,True
3924,True
1061,True
3232,True
2825,True
1163,True
3698,True
1273,True
2202,True
2444,True
334,True
3040,True
1034,True
3554,True
3590,True
2692,True
229,True
1878,True
4833,True
1199,True
3283,True
1977,True
491,True
3453,True
4764,True
638,True
1486,True
4194,True
1576,True
1060,True
1228,True
127,True
1414,True
4837,True
2222,True
650,True
4129,False
3125,True
2719,True
3348,True
4557,True
1437,True
3581,True
906,True
3664,True
1082,True
2400,True
2438,True
1191,True
583,True
2440,True
2382,True
2354,True
3917,True
4476,True
4862,True
1791,True
1070,True
2567,True
4483,True
272,True
2550,True
1959,True
3436,True
2231,True
4866,True
4113,True
917,True
230,True
1910,True
3659,True
3081,True
333,True
4595,False
1659,True
1121,True
45,True
2136,True
3317,True
2797,True
3860,True
4864,True
1722,True
3335,True
1907,True
4126,True
3775,True
1968,True
482,True
2097,True
2068,True
1623,True
4975,True
4509,True
3383,True
4874,True
4507,True
4461,True
4850,True
498,True
4184,True
2323,True
4006,True
3444,True
2441,True
3619,True
2857,True
4871,True
183,True
3157,True
901,True
1363,True
3706,True
1953,True
642,True
1104,True
1698,True
544,True
4672,True
1775,True
4601,True
2588,True
2139,True
1450,True
4414,True
3481,True
893,True
4773,True
1422,True
741,True
4996,True
4232,True
3655,True
3687,True
4584,True
2682,True
3304,True
500,True
2794,False
2114,True
3471,True
1444,True
3868,True
4937,True
4518,True
3872,True
4363,True
74,True
1424,True
4663,True
486,True
2869,False
4110,True
2733,True
939,True
4484,True
2267,True
4611,True
1478,True
4127,True
4823,False
4378,True
2495,True
2832,True
4348,True
3922,True
4036,True
3863,True
4176,True
3413,True
3761,True
3365,False
420,True
1184,True
1481,True
1618,True
838,True
2818,True
2230,True
1558,True
14,True
4828,True
84,True
1055,True
1505,True
4472,True
2748,True
3988,True
726,True
4372,True
2671,True
4513,True
321,True
1882,True
3718,True
1079,True
4818,True
3753,True
67,True
3945,True
3075,True
1580,True
3347,False
1681,True
1261,True
3617,True
4708,True
4089,True
2513,True
4059,True
1640,False
3670,True
2479,True
1171,True
3525,True
443,True
2735,True
3189,True
2742,True
4147,True
2575,True
1556,True
700,True
530,True
4359,True
2223,True
735,True
4193,True
208,True
1385,True
3911,True
4166,True
915,False
1995,True
4682,True
3815,True
2025,True
3539,True
3465,True
4760,True
3231,True
1644,True
4189,True
1515,True
4165,True
927,True
166,True
1216,True
867,True
1318,True
4351,True
4038,True
4388,True
3485,True
2934,True
1783,True
3607,True
2032,True
1836,True
636,True
1732,True
1559,True
1477,True
3407,True
618,True
3101,True
1072,True
2233,True
